{"cameraMode":{"drawMode":0,"name":"Shaded","section":"Shading Mode"},"sceneLighting":true,"audioPlay":false,"sceneViewState":{"m_AlwaysRefresh":false,"showFog":true,"showSkybox":true,"showFlares":true,"showImageEffects":true,"showParticleSystems":true,"showVisualEffectGraphs":true,"m_FxEnabled":true},"in2DMode":false,"pivot":{"x":0.4036688804626465,"y":4.405196666717529,"z":9.29870891571045},"rotation":{"x":-0.001499103382229805,"y":-0.034493084996938708,"z":-0.000051723218348342925,"w":0.9994035959243774},"size":0.5115875601768494,"orthographic":false}